UID,Name,Sequence,Amount,"Mass, Da",Extinction
i8SUwi3ft2LRL6msJHfpz9,PIK284-A-R1:,GAGGGTGACCAAGTTCATGCTATCAATGTCTCGAATATTTCCA,2,13216.53,420300
Lv5zXdS3GgwEYa7BU2uW5F,PIK284-T-R1:,GAAGGTCGGAGTCAACGGATTATCAATGTCTCGAATATTTCCT,2,13256.56,423300
Pk58T4UvukG6ZPVto7TC4g,PIK284-A-R2:,GAGGGTGACCAAGTTCATGCTATCAATGTCTCGAATACTTCCA,2,13201.52,418400
jUWSQ7DKQrgZRN8yXz6ezz,PIK284-T-R2:,GAAGGTCGGAGTCAACGGATTATCAATGTCTCGAATACTTCCT,2,13241.55,421400
6tKWSZAKwxLJjCepGtdAgh,PIK273.G-F1;,GAGGGTGACCAAGTTCATGCTTACACGAGATCCTCTCTATG,2,12600.12,394100
dQQ2QcW9hPVZAZXBPsdtoP,PIK273-A-F1:,GAAGGTCGGAGTCAACGGATTTACACGAGATCCTCTCTATA,2,12633.16,407500
XMK2WBZcivCvNhopP3XczN,PIK273-G-F1:-1,GAGGGTGACCAAGTTCATGCTTACACGAGATCCTGTCTATG,2,12640.15,397600
79tR6Byvx9oBsXnBpJ4rPz,PIK273-A-F1:-1,GAAGGTCGGAGTCAACGGATTTACACGAGATCCTGTCTATA,2,12673.18,411000
YTDZBCB5yUHwvCDC3jFf9x,PIKO03-G-F:,GAGGGTGACCAAGTTCATGCTGATCCTCTCTCTGAAATCTCTG,2,13184.48,401500
KWE96ey5bzMCh6wdhfcCzv,PIK003-A-F:,GAAGGTCGGAGTCAACGGATTGATCCTCTCTCTGAAATCTCTA,2,13217.52,414900
JKH8Zgv7mFpQgLTSYoTWMR,PIK025-C-R:,GAGGGTGACCAAGTTCATGCTACACACCTTTTGTGCTTC,2,11948.7,363000
kvBwtfqUVRW5G6XJSRZvj9,PIK025-T-R:,GAAGGTCGGAGTCAACGGATTACACACCTTTTGTGCTTT,2,12012.74,372600
6TWvGrNj2BKEkKUfRUJEZN,PIK279-T-R:,GAGGGTGACCAAGTTCATGCTTTGTCCAGCCACCATAAT,2,11966.72,373900
QeqYEG8TGhKiY7fiRS2U8d,PIK279-A-R:,GAAGGTCGGAGTCAACGGATTTTGTCCAGCCACCATAAA,2,12024.77,387500
P66weXu8GTkdUCYUF3o3a5,PIK279-C-R:,GAAGGTCGGAGTCAACGGATTTTGTCCAGCCACCATAAC,2,12000.75,381300
